customer_id,customer_name,Segment,Country-City,State,Postal Code,Region
CUST-1,Alejandro Grove,Consumer,United States-West Jordan,Utah,84084,West
CUST-2,Patrick O'Donnell,Consumer,United States-Westland,Michigan,48185,Central
CUST-3,Ryan Crowe,Consumer,United States-Columbus,Ohio,43229,East
CUST-4,Alan Dominguez,Home Office,United States-Houston,Texas,77041,Central
CUST-5,Philip Fox,Consumer,United States-Bloomington,Illinois,61701,Central
CUST-6,Maureen Gastineau,Home Office,United States-Newark,Ohio,43055,East
CUST-7,Jennifer Braxton,Corporate,United States-Chicago,Illinois,60623,Central
CUST-8,Robert Marley,Home Office,United States-Monroe,Louisiana,71203,South
CUST-9,Frank Merwin,Home Office,United States-Los Angeles,California,90032,West
CUST-10,Cassandra Brandow,Consumer,United States-Hamilton,Ohio,45011,East
CUST-11,Erin Ashbrook,Corporate,United States-Charlotte,North Carolina,28205,South
CUST-12,Sean Braxton,Corporate,United States-Houston,Texas,77036,Central
CUST-13,Kelly Lampkin,Corporate,United States-Colorado Springs,Colorado,80906,West
CUST-14,Sung Pak,Corporate,United States-Philadelphia,Pennsylvania,19143,East
CUST-15,Frank Atkinson,Corporate,United States-Long Beach,California,90805,West
CUST-16,Jonathan Doherty,Corporate,United States-Philadelphia,Pennsylvania,19140,East
CUST-17,Julia Dunbar,Consumer,United States-San Francisco,California,94109,West
CUST-18,Arthur Gainer,Consumer,United States-Tucson,Arizona,85705,West
CUST-19,Nathan Gelder,Consumer,United States-Cincinnati,Ohio,45231,East
CUST-20,Jack Garza,Consumer,United States-Des Moines,Washington,98198,West
CUST-21,Luke Foster,Consumer,United States-Miami,Florida,33180,South
CUST-22,Stephanie Phelps,Corporate,United States-Wilmington,North Carolina,28403,South
CUST-23,Joel Eaton,Consumer,United States-Louisville,Colorado,80027,West
CUST-24,Mike Kennedy,Consumer,United States-Jacksonville,Florida,32216,South
CUST-25,Erin Mull,Consumer,United States-New York City,New York,10024,East
CUST-26,Sue Ann Reed,Consumer,United States-Chicago,Illinois,60610,Central
CUST-27,Astrea Jones,Consumer,United States-Rochester,New York,14609,East
CUST-28,Cynthia Arntzen,Consumer,United States-Tampa,Florida,33614,South
CUST-29,Alan Shonely,Consumer,United States-Tampa,Florida,33614,South
CUST-30,Andrew Roberts,Consumer,United States-Philadelphia,Pennsylvania,19134,East
CUST-31,Christina Anderson,Consumer,United States-Chicago,Illinois,60610,Central
CUST-32,Resi Pölking,Consumer,United States-Cleveland,Ohio,44105,East
CUST-33,Naresj Patel,Consumer,United States-Waynesboro,Virginia,22980,South
CUST-34,Maya Herman,Corporate,United States-San Diego,California,92105,West
CUST-35,Chris Selesnick,Corporate,United States-Bossier City,Louisiana,71111,South
CUST-36,Anthony Johnson,Corporate,United States-Saint Petersburg,Florida,33710,South
CUST-37,Erica Smith,Consumer,United States-San Francisco,California,94110,West
CUST-38,Zuschuss Carroll,Consumer,United States-Edmonds,Washington,98026,West
CUST-39,Anthony Garverick,Home Office,United States-Philadelphia,Pennsylvania,19120,East
CUST-40,Jessica Myrick,Consumer,United States-Philadelphia,Pennsylvania,19143,East
CUST-41,Maribeth Schnelling,Consumer,United States-Boca Raton,Florida,33433,South
CUST-42,Delfina Latchford,Consumer,United States-Philadelphia,Pennsylvania,19134,East
CUST-43,Mitch Willingham,Corporate,United States-Virginia Beach,Virginia,23464,South
CUST-44,Vivek Gonzalez,Consumer,United States-San Diego,California,92037,West
CUST-45,Noel Staavos,Corporate,United States-Los Angeles,California,90049,West
CUST-46,Hunter Lopez,Consumer,United States-Jonesboro,Arkansas,72401,South
CUST-47,Penelope Sewall,Home Office,United States-Harrisonburg,Virginia,22801,South
CUST-48,Allen Armold,Consumer,United States-Los Angeles,California,90008,West
CUST-49,Alyssa Tate,Home Office,United States-Los Angeles,California,90004,West
CUST-50,Dave Brooks,Consumer,United States-Lakewood,New Jersey,8701,East
CUST-51,Harold Ryan,Corporate,United States-Seattle,Washington,98103,West
CUST-52,Julie Creighton,Corporate,United States-Los Angeles,California,90045,West
CUST-53,Laurel Elliston,Consumer,United States-Chicago,Illinois,60653,Central
CUST-54,Michael Nguyen,Consumer,United States-Dallas,Texas,75220,Central
CUST-55,Bradley Nguyen,Consumer,United States-Lakeville,Minnesota,55044,Central
CUST-56,Irene Maddox,Consumer,United States-Florence,Alabama,35630,South
CUST-57,Theresa Swint,Corporate,United States-Philadelphia,Pennsylvania,19134,East
CUST-58,Roy Französisch,Consumer,United States-Columbus,Georgia,31907,South
CUST-59,Sanjit Chand,Consumer,United States-Los Angeles,California,90004,West
CUST-60,Mick Crebagga,Consumer,United States-El Paso,Texas,79907,Central
CUST-61,Jeremy Farry,Consumer,United States-Los Angeles,California,90032,West
CUST-62,Marina Lichtenstein,Corporate,United States-Los Angeles,California,90008,West
CUST-63,Hilary Holden,Corporate,United States-San Francisco,California,94110,West
CUST-64,Troy Staebel,Consumer,United States-Philadelphia,Pennsylvania,19143,East
CUST-65,Dianna Arnett,Home Office,United States-Houston,Texas,77095,Central
CUST-66,Craig Carroll,Consumer,United States-Greensboro,North Carolina,27405,South
CUST-67,Janet Lee,Consumer,United States-Chicago,Illinois,60623,Central
CUST-68,Bruce Stewart,Consumer,United States-Cleveland,Ohio,44105,East
CUST-69,Raymond Messe,Consumer,United States-Meriden,Connecticut,6450,East
CUST-70,Filia McAdams,Corporate,United States-Los Angeles,California,90032,West
CUST-71,Michelle Ellison,Corporate,United States-San Francisco,California,94122,West
CUST-72,Erica Hernandez,Home Office,United States-Hialeah,Florida,33012,South
CUST-73,Tracy Blumstein,Consumer,United States-Fairfield,Ohio,45014,East
CUST-74,Dean Katz,Corporate,United States-Huntington Beach,California,92646,West
CUST-75,Erica Hackney,Consumer,United States-Roswell,Georgia,30076,South
CUST-76,Joy Daniels,Consumer,United States-Chicago,Illinois,60610,Central
CUST-77,Alan Schoenberger,Corporate,United States-Montgomery,Alabama,36116,South
CUST-78,Laurel Workman,Corporate,United States-Brentwood,California,94513,West
CUST-79,Jamie Frazer,Consumer,United States-Johnson City,Tennessee,37604,South
CUST-80,Ken Black,Corporate,United States-Houston,Texas,77095,Central
CUST-81,Emily Ducich,Home Office,United States-Houston,Texas,77036,Central
CUST-82,Mark Packer,Home Office,United States-Moorhead,Minnesota,56560,Central
CUST-83,Adrian Hane,Home Office,United States-Tucson,Arizona,85705,West
CUST-84,Henry Goldwyn,Corporate,United States-Mesquite,Texas,75150,Central
CUST-85,Brian Stugart,Consumer,United States-Philadelphia,Pennsylvania,19143,East
CUST-86,Randy Ferguson,Corporate,United States-Dover,New Hampshire,3820,East
CUST-87,Richard Bierner,Consumer,United States-Saint Louis,Missouri,63116,Central
CUST-88,Dianna Vittorini,Consumer,United States-Minneapolis,Minnesota,55407,Central
CUST-89,Arthur Wiediger,Home Office,United States-Aurora,Illinois,60505,Central
CUST-90,Maris LaWare,Consumer,United States-Fairfield,Connecticut,6824,East
CUST-91,Dorothy Badders,Corporate,United States-Jacksonville,Florida,32216,South
CUST-92,Jeremy Lonsdale,Consumer,United States-Midland,Michigan,48640,Central
CUST-93,Rick Hansen,Consumer,United States-New York City,New York,10009,East
CUST-94,Jim Karlsson,Consumer,United States-Columbus,Ohio,43229,East
CUST-95,Carl Ludwig,Consumer,United States-Chicago,Illinois,60623,Central
CUST-96,Christine Phan,Corporate,United States-New York City,New York,10024,East
CUST-97,Maxwell Schwartz,Consumer,United States-Columbus,Ohio,43229,East
CUST-98,Pierre Wener,Consumer,United States-Louisville,Colorado,80027,West
CUST-99,Dan Campbell,Consumer,United States-New York City,New York,10011,East
CUST-100,Katherine Ducich,Consumer,United States-Los Angeles,California,90049,West
CUST-101,John Murray,Consumer,United States-Jamestown,New York,14701,East
CUST-102,Sonia Cooley,Consumer,United States-Mishawaka,Indiana,46544,Central
CUST-103,Ken Lonsdale,Consumer,United States-San Francisco,California,94122,West
CUST-104,Peter Bühler,Consumer,United States-Houston,Texas,77095,Central
CUST-105,Daniel Byrd,Home Office,United States-Fort Lauderdale,Florida,33311,South
CUST-106,Don Jones,Corporate,United States-Little Rock,Arkansas,72209,South
CUST-107,Ruben Ausman,Corporate,United States-Columbus,Georgia,31907,South
CUST-108,Shirley Daniels,Home Office,United States-Alexandria,Virginia,22304,South
CUST-109,Kean Nguyen,Corporate,United States-Jacksonville,Florida,32216,South
CUST-110,Matt Collister,Corporate,United States-Arlington,Texas,76017,Central
CUST-111,Stewart Visinsky,Consumer,United States-Pueblo,Colorado,81001,West
CUST-112,Dan Lawera,Consumer,United States-Hialeah,Florida,33012,South
CUST-113,Sean Miller,Home Office,United States-Jacksonville,Florida,32216,South
CUST-114,Lena Creighton,Consumer,United States-Wilmington,North Carolina,28403,South
CUST-115,Herbert Flentye,Consumer,United States-Los Angeles,California,90008,West
CUST-116,Dean percer,Home Office,United States-Murray,Utah,84107,West
CUST-117,Brian Moss,Corporate,United States-Omaha,Nebraska,68104,Central
CUST-118,Michelle Tran,Home Office,United States-Houston,Texas,77041,Central
CUST-119,Christine Kargatis,Home Office,United States-Chesapeake,Virginia,23320,South
CUST-120,Beth Fritzler,Corporate,United States-Tucson,Arizona,85705,West
CUST-121,Tamara Manning,Consumer,United States-Woodstock,Illinois,60098,Central
CUST-122,Christopher Schild,Home Office,United States-Seattle,Washington,98115,West
CUST-123,Chloris Kastensmidt,Consumer,United States-Hempstead,New York,11550,East
CUST-124,Corey-Lock,Consumer,United States-Skokie,Illinois,60076,Central
CUST-125,Natalie DeCherney,Consumer,United States-Mount Pleasant,South Carolina,29464,South
CUST-126,Philip Brown,Consumer,United States-Phoenix,Arizona,85023,West
CUST-127,Natalie Webber,Consumer,United States-Philadelphia,Pennsylvania,19120,East
CUST-128,Pete Armstrong,Home Office,United States-Eau Claire,Wisconsin,54703,Central
CUST-129,Robert Barroso,Corporate,United States-Billings,Montana,59102,West
CUST-130,Yoseph Carroll,Corporate,United States-Newark,Delaware,19711,East
CUST-131,Katherine Murray,Home Office,United States-Dallas,Texas,75217,Central
CUST-132,Bradley Talbott,Home Office,United States-San Diego,California,92037,West
CUST-133,Chad Cunningham,Home Office,United States-Los Angeles,California,90049,West
CUST-134,Jennifer Patt,Corporate,United States-Oceanside,New York,11572,East
CUST-135,Keith Herrera,Consumer,United States-Seattle,Washington,98103,West
CUST-136,Ted Trevino,Consumer,United States-Akron,Ohio,44312,East
CUST-137,Sarah Foster,Consumer,United States-Richmond,Indiana,47374,Central
CUST-138,Candace McMahon,Corporate,United States-Pasadena,Texas,77506,Central
CUST-139,Thomas Seio,Corporate,United States-San Francisco,California,94109,West
CUST-140,Evan Henry,Consumer,United States-Decatur,Alabama,35601,South
CUST-141,Victoria Wilson,Corporate,United States-Sioux Falls,South Dakota,57103,Central
CUST-142,Kean Takahito,Consumer,United States-Raleigh,North Carolina,27604,South
CUST-143,Clytie Kelty,Consumer,United States-San Diego,California,92024,West
CUST-144,Carlos Soltero,Consumer,United States-Philadelphia,Pennsylvania,19140,East
CUST-145,Tony Sayre,Consumer,United States-Columbia,Tennessee,38401,South
CUST-146,Christine Abelman,Corporate,United States-Bristol,Connecticut,6010,East
CUST-147,Dave Hallsten,Corporate,United States-Richmond,Kentucky,40475,South
CUST-148,Laurel Beltran,Home Office,United States-Columbus,Ohio,43229,East
CUST-149,Kristina Nunn,Home Office,United States-Raleigh,North Carolina,27604,South
CUST-150,Corey Catlett,Corporate,United States-Springfield,Virginia,22153,South
CUST-151,Sam Craven,Consumer,United States-Plano,Texas,75023,Central
CUST-152,John Lee,Consumer,United States-Los Angeles,California,90049,West
CUST-153,Ralph Arnett,Consumer,United States-Houston,Texas,77070,Central
CUST-154,Randy Bradley,Consumer,United States-Philadelphia,Pennsylvania,19143,East
CUST-155,Shui Tom,Consumer,United States-New York City,New York,10035,East
CUST-156,John Castell,Consumer,United States-Macon,Georgia,31204,South
CUST-157,Michael Chen,Consumer,United States-Los Angeles,California,90008,West
CUST-158,Vicky Freymann,Home Office,United States-Los Angeles,California,90045,West
CUST-159,Odella Nelson,Corporate,United States-Tempe,Arizona,85281,West
CUST-160,Saphhira Shifley,Corporate,United States-Mesquite,Texas,75150,Central
CUST-161,Arthur Prichep,Consumer,United States-Rock Hill,South Carolina,29730,South
CUST-162,Rick Huthwaite,Home Office,United States-Manhattan,Kansas,66502,Central
CUST-163,Muhammed Yedwab,Corporate,United States-Columbus,Ohio,43229,East
CUST-164,Todd Sumrall,Corporate,United States-Los Angeles,California,90049,West
CUST-165,Toby Carlisle,Consumer,United States-Thornton,Colorado,80229,West
CUST-166,Giulietta Weimer,Consumer,United States-San Francisco,California,94122,West
CUST-167,Tony Chapman,Home Office,United States-Bolingbrook,Illinois,60440,Central
CUST-168,Mary O'Rourke,Consumer,0-Freeport,New York,11520,East
CUST-169,Susan Pistek,Consumer,0-Los Angeles,California,90036,West
CUST-170,Tiffany House,Corporate,0-New York City,New York,10024,East
CUST-171,Andy Reiter,Consumer,United States-Woonsocket,Rhode Island,2895,East
CUST-172,Anna Andreadi,Consumer,United States-Chester,Pennsylvania,19013,East
CUST-173,Darren Koutras,Consumer,United States-Chicago,Illinois,60610,Central
CUST-174,Denise Leinenbach,Consumer,United States-Concord,North Carolina,28027,South
CUST-175,Lena Hernandez,Consumer,United States-Jonesboro,Arkansas,72401,South
CUST-176,Ann Blume,Corporate,United States-Chicago,Illinois,60623,Central
CUST-177,John Huston,Consumer,United States-Midland,Michigan,48640,Central
CUST-178,Ellis Ballard,Corporate,United States-Chicago,Illinois,60623,Central
CUST-179,Matt Abelman,Home Office,United States-Philadelphia,Pennsylvania,19143,East
CUST-180,Michelle Arnett,Home Office,United States-Los Angeles,California,90004,West
CUST-181,Bill Shonely,Corporate,United States-New York City,New York,10011,East
CUST-182,Adrian Barton,Consumer,United States-Indianapolis,Indiana,46203,Central
CUST-183,Deanra Eno,Home Office,United States-Lakewood,Ohio,44107,East
CUST-184,Angele Hood,Consumer,United States-Seattle,Washington,98105,West
CUST-185,Vivian Mathis,Consumer,United States-Portage,Indiana,46368,Central
CUST-186,Beth Thompson,Home Office,United States-San Gabriel,California,91776,West
CUST-187,Scot Wooten,Consumer,United States-Springfield,Ohio,45503,East
CUST-188,Toby Braunhardt,Consumer,United States-New York City,New York,10024,East
CUST-189,Mark Hamilton,Consumer,United States-Hamilton,Ohio,45011,East
CUST-190,Erin Creighton,Consumer,United States-Columbus,Ohio,43229,East
CUST-191,Steven Roelle,Home Office,United States-Bloomington,Indiana,47401,Central
CUST-192,Carlos Daly,Consumer,United States-New York City,New York,10024,East
CUST-193,Georgia Rosenberg,Corporate,United States-San Francisco,California,94110,West
CUST-194,Ben Ferrer,Home Office,United States-Los Angeles,California,90045,West
CUST-195,Linda Cazamias,Corporate,United States-Richmond,Indiana,47374,Central
CUST-196,Grace Kelly,Corporate,United States-Los Angeles,California,90049,West
CUST-197,Nicole Fjeld,Home Office,United States-San Jose,California,95123,West
CUST-198,Jason Fortune-,Consumer,United States-Logan,Utah,84321,West
CUST-199,Carol Triggs,Consumer,United States-Tucson,Arizona,85705,West
CUST-200,Jas O'Carroll,Consumer,United States-Philadelphia,Pennsylvania,19120,East
CUST-201,Ed Jacobs,Consumer,United States-Huntsville,Texas,77340,Central
CUST-202,Mike Pelletier,Home Office,United States-New York City,New York,10009,East
CUST-203,Nick Radford,Consumer,United States-Chula Vista,California,91911,West
CUST-204,Phillip Breyer,Corporate,United States-Philadelphia,Pennsylvania,19134,East
CUST-205,Maureen Gnade,Consumer,United States-Philadelphia,Pennsylvania,19134,East
CUST-206,Steve Chapman,Corporate,United States-Detroit,Michigan,48227,Central
CUST-207,Anna Chung,Consumer,United States-Parma,Ohio,44134,East
CUST-208,Jim Epp,Corporate,United States-Concord,New Hampshire,3301,East
CUST-209,MaryBeth Skach,Consumer,United States-Fairfield,Ohio,45014,East
CUST-210,Brian Dahlen,Consumer,United States-San Francisco,California,94109,West
CUST-211,Adam Hart,Corporate,United States-Huntington Beach,California,92646,West
CUST-212,Thea Hendricks,Consumer,United States-Toledo,Ohio,43615,East
CUST-213,Shahid Shariari,Consumer,United States-Los Angeles,California,90008,West
CUST-214,Seth Vernon,Consumer,United States-Houston,Texas,77070,Central
CUST-215,Annie Zypern,Consumer,United States-Dallas,Texas,75217,Central
CUST-216,Bryan Mills,Consumer,United States-Deltona,Florida,32725,South
CUST-217,Edward Hooks,Corporate,United States-Philadelphia,Pennsylvania,19134,East
CUST-218,Darrin Martin,Consumer,United States-New York City,New York,10009,East
CUST-219,James Galang,Consumer,United States-Long Beach,New York,11561,East
CUST-220,Sharelle Roach,Home Office,United States-Detroit,Michigan,48234,Central
CUST-221,Luke Schmidt,Corporate,United States-Texarkana,Arkansas,71854,South
CUST-222,Duane Noonan,Consumer,United States-Columbia,Maryland,21044,East
CUST-223,Becky Castell,Home Office,United States-Odessa,Texas,79762,Central
CUST-224,Alan Barnes,Consumer,United States-Decatur,Illinois,62521,Central
CUST-225,Joni Sundaresam,Home Office,United States-Garland,Texas,75043,Central
CUST-226,Jason Klamczynski,Corporate,United States-Dallas,Texas,75220,Central
CUST-227,Aaron Hawkins,Corporate,United States-Los Angeles,California,90004,West
CUST-228,David Wiener,Corporate,United States-Springfield,Oregon,97477,West
CUST-229,John Grady,Corporate,United States-Provo,Utah,84604,West
CUST-230,Toby Swindell,Consumer,United States-Scottsdale,Arizona,85254,West
CUST-231,Karen Ferguson,Home Office,United States-San Diego,California,92105,West
CUST-232,Duane Huffman,Home Office,United States-San Francisco,California,94122,West
CUST-233,Eugene Moren,Home Office,United States-Great Falls,Montana,59405,West
CUST-234,Gary McGarr,Consumer,United States-San Diego,California,92024,West
CUST-235,Jim Kriz,Home Office,United States-Lakewood,Ohio,44107,East
CUST-236,Sung Shariari,Consumer,United States-Marion,Ohio,43302,East
CUST-237,Vivek Grady,Corporate,United States-Chicago,Illinois,60653,Central
CUST-238,Mark Van Huff,Consumer,United States-Los Angeles,California,90049,West
CUST-239,Hunter Glantz,Consumer,United States-Fort Worth,Texas,76106,Central
CUST-240,Craig Reiter,Consumer,United States-Chicago,Illinois,60610,Central
CUST-241,Lynn Smith,Consumer,United States-Utica,New York,13501,East
CUST-242,Frank Gastineau,Home Office,United States-Lawrence,Massachusetts,1841,East
CUST-243,Dorothy Wardle,Corporate,United States-Owensboro,Kentucky,42301,South
CUST-244,Janet Molinari,Corporate,United States-Los Angeles,California,90036,West
CUST-245,Susan Gilcrest,Corporate,United States-New York City,New York,10009,East
CUST-246,Charles Crestani,Consumer,United States-San Diego,California,92105,West
CUST-247,Troy Blackwell,Consumer,United States-Lubbock,Texas,79424,Central
CUST-248,William Brown,Consumer,United States-Grand Prairie,Texas,75051,Central
CUST-249,Thomas Brumley,Home Office,United States-New York City,New York,10011,East
CUST-250,Khloe Miller,Consumer,United States-San Jose,California,95123,West
CUST-251,Eileen Kiefer,Home Office,United States-San Francisco,California,94110,West
CUST-252,Matt Connell,Corporate,United States-Lakeland,Florida,33801,South
CUST-253,Michael Moore,Consumer,United States-Springfield,Virginia,22153,South
CUST-254,Dennis Pardue,Home Office,United States-Columbia,Tennessee,38401,South
CUST-255,Sylvia Foulston,Corporate,United States-San Diego,California,92024,West
CUST-256,Nat Gilpin,Corporate,United States-Jackson,Michigan,49201,Central
CUST-257,Sibella Parks,Corporate,United States-Mount Vernon,New York,10550,East
CUST-258,Duane Benoit,Consumer,United States-Newark,Delaware,19711,East
CUST-259,Xylona Preis,Consumer,United States-Westland,Michigan,48185,Central
CUST-260,Sanjit Engle,Consumer,United States-Springfield,Oregon,97477,West
CUST-261,Brendan Sweed,Corporate,United States-Philadelphia,Pennsylvania,19140,East
CUST-262,Monica Federle,Corporate,United States-Philadelphia,Pennsylvania,19120,East
CUST-263,Michael Grace,Home Office,United States-El Paso,Texas,79907,Central
CUST-264,Greg Tran,Consumer,United States-Buffalo,New York,14215,East
CUST-265,Fred Hopkins,Corporate,United States-Knoxville,Tennessee,37918,South
CUST-266,Lindsay Shagiari,Home Office,United States-Chicago,Illinois,60653,Central
CUST-267,Kunst Miller,Consumer,United States-Houston,Texas,77095,Central
CUST-268,Mitch Webber,Consumer,United States-Seattle,Washington,98103,West
CUST-269,Bruce Geld,Consumer,United States-Delray Beach,Florida,33445,South
CUST-270,Tom Boeckenhauer,Consumer,United States-New York City,New York,10024,East
CUST-271,Michelle Moray,Consumer,United States-Chicago,Illinois,60623,Central
CUST-272,Christine Sundaresam,Consumer,United States-Fairfield,Connecticut,6824,East
CUST-273,Gary Hwang,Consumer,United States-Seattle,Washington,98105,West
CUST-274,Benjamin Patterson,Consumer,United States-Los Angeles,California,90045,West
CUST-275,Nora Preis,Consumer,United States-Chicago,Illinois,60623,Central
CUST-276,Stefanie Holloman,Corporate,United States-Sacramento,California,95823,West
CUST-277,Pamela Stobb,Consumer,United States-El Paso,Texas,79907,Central
CUST-278,Thea Hudgings,Corporate,United States-Newark,Delaware,19711,East
CUST-279,Barry Franz,Home Office,United States-Aurora,Colorado,80013,West
CUST-280,Sally Matthias,Consumer,United States-Scottsdale,Arizona,85254,West
CUST-281,Larry Hughes,Consumer,United States-Philadelphia,Pennsylvania,19140,East
CUST-282,Ivan Gibson,Consumer,United States-Seattle,Washington,98103,West
CUST-283,Muhammed MacIntyre,Corporate,United States-Smyrna,Tennessee,37167,South
CUST-284,Harold Pawlan,Home Office,United States-Virginia Beach,Virginia,23464,South
CUST-285,Marc Harrigan,Home Office,United States-Los Angeles,California,90036,West
CUST-286,Roger Demir,Consumer,United States-San Francisco,California,94122,West
CUST-287,Damala Kotsonis,Corporate,United States-Houston,Texas,77095,Central
CUST-288,Joe Kamberova,Consumer,United States-Des Plaines,Illinois,60016,Central
CUST-289,Sample Company A,Home Office,United States-Burbank,California,91505,West
CUST-290,Suzanne McNair,Corporate,United States-New York City,New York,10035,East
CUST-291,Mike Caudle,Corporate,United States-Seattle,Washington,98115,West
CUST-292,Dario Medina,Corporate,United States-Fairfield,Ohio,45014,East
CUST-293,Mark Haberlin,Corporate,United States-Jackson,Mississippi,39212,South
CUST-294,Barry Französisch,Corporate,United States-Seattle,Washington,98105,West
CUST-295,Alex Avila,Consumer,United States-New York City,New York,10011,East
CUST-296,Julie Prescott,Home Office,United States-New York City,New York,10011,East
CUST-297,Ed Braxton,Corporate,United States-Philadelphia,Pennsylvania,19140,East
CUST-298,Katharine Harms,Corporate,United States-New York City,New York,10024,East
CUST-299,Frank Hawley,Corporate,United States-Newport News,Virginia,23602,South
CUST-300,Kristen Hastings,Corporate,United States-Springfield,Virginia,22153,South
CUST-301,Joseph Airdo,Consumer,United States-Springfield,Oregon,97477,West
CUST-302,Shirley Schmidt,Home Office,United States-Newark,Delaware,19711,East
CUST-303,Paul Stevenson,Home Office,United States-Los Angeles,California,90049,West
CUST-304,Nicole Brennan,Corporate,United States-Bossier City,Louisiana,71111,South
CUST-305,Steve Carroll,Home Office,United States-San Francisco,California,94110,West
CUST-306,Cynthia Delaney,Home Office,United States-Moreno Valley,California,92553,West
CUST-307,Maurice Satty,Consumer,United States-Fresno,California,93727,West
CUST-308,Pauline Webber,Corporate,United States-Los Angeles,California,90036,West
CUST-309,Allen Goldenen,Consumer,United States-Arlington,Virginia,22204,South
CUST-310,Dennis Bolton,Home Office,United States-Salt Lake City,Utah,84106,West
CUST-311,Quincy Jones,Corporate,United States-Philadelphia,Pennsylvania,19134,East
CUST-312,Harry Marie,Corporate,United States-Dallas,Texas,75217,Central
CUST-313,Craig Molinari,Corporate,United States-Philadelphia,Pennsylvania,19140,East
CUST-314,Barbara Fisher,Corporate,United States-New York City,New York,10009,East
CUST-315,Carol Adams,Corporate,United States-Rapid City,South Dakota,57701,Central
CUST-316,Aaron Bergman,Consumer,United States-Arlington,Texas,76017,Central
CUST-317,Chris Cortes,Consumer,United States-Chesapeake,Virginia,23320,South
CUST-318,Nathan Cano,Consumer,United States-Fort Worth,Texas,76106,Central
CUST-319,Brian DeCherney,Consumer,United States-Wilmington,North Carolina,28403,South
CUST-320,Scott Cohen,Corporate,United States-Corpus Christi,Texas,78415,Central
CUST-321,Arianne Irving,Consumer,United States-San Francisco,California,94122,West
CUST-322,Joe Elijah,Consumer,United States-Houston,Texas,77070,Central
CUST-323,Patrick Gardner,Consumer,United States-Omaha,Nebraska,68104,Central
CUST-324,Cindy Chapman,Consumer,United States-San Francisco,California,94122,West
CUST-325,James Lanier,Home Office,United States-Reno,Nevada,89502,West
CUST-326,Kimberly Carter,Corporate,United States-Henderson,Kentucky,42420,South
CUST-327,Andy Yotov,Corporate,United States-Philadelphia,Pennsylvania,19140,East
CUST-328,Corey Roper,Home Office,United States-Grand Rapids,Michigan,49505,Central
CUST-329,Justin Deggeller,Corporate,United States-Los Angeles,California,90008,West
CUST-330,Bart Pistole,Corporate,United States-Los Angeles,California,90008,West
CUST-331,Sarah Brown,Consumer,United States-Chicago,Illinois,60653,Central
CUST-332,Barry Blumstein,Corporate,United States-Los Angeles,California,90036,West
CUST-333,Jeremy Pistek,Consumer,United States-North Miami,Florida,33161,South
CUST-334,Adam Shillingsburg,Consumer,United States-San Diego,California,92037,West
CUST-335,Ruben Dartt,Consumer,United States-Philadelphia,Pennsylvania,19120,East
CUST-336,Jack Lebron,Consumer,United States-New Rochelle,New York,10801,East
CUST-337,Neil Ducich,Corporate,United States-Chandler,Arizona,85224,West
CUST-338,Sara Luxemburg,Home Office,United States-New York City,New York,10011,East
CUST-339,Bradley Drucker,Consumer,United States-Chicago,Illinois,60653,Central
CUST-340,Ionia McGrath,Consumer,United States-Las Vegas,Nevada,89115,West
CUST-341,Michael Kennedy,Corporate,United States-Franklin,Wisconsin,53132,Central
CUST-342,Nathan Mautz,Home Office,United States-San Francisco,California,94109,West
CUST-343,Thomas Thornton,Consumer,United States-Dover,Delaware,19901,East
CUST-344,Rachel Payne,Corporate,United States-San Francisco,California,94110,West
CUST-345,Jennifer Ferguson,Consumer,United States-Saint Charles,Missouri,63301,Central
CUST-346,Craig Carreira,Consumer,United States-Tampa,Florida,33614,South
CUST-347,Liz Pelletier,Consumer,United States-Tucson,Arizona,85705,West
CUST-348,Rick Bensley,Home Office,United States-Chicago,Illinois,60653,Central
CUST-349,Nick Crebassa,Corporate,United States-San Francisco,California,94122,West
CUST-350,Barry Weirich,Consumer,United States-New York City,New York,10035,East
CUST-351,Ricardo Emerson,Consumer,United States-Kent,Ohio,44240,East
CUST-352,Eugene Hildebrand,Home Office,United States-Lakewood,California,90712,West
CUST-353,Alejandro Ballentine,Home Office,United States-Los Angeles,California,90008,West
CUST-354,Cari Sayre,Corporate,United States-Chicago,Illinois,60623,Central
CUST-355,Neil Französisch,Home Office,United States-Jacksonville,Florida,32216,South
CUST-356,Speros Goranitis,Consumer,United States-Chicago,Illinois,60623,Central
CUST-357,Evan Bailliet,Consumer,United States-Houston,Texas,77095,Central
CUST-358,Trudy Glocke,Consumer,United States-Tampa,Florida,33614,South
CUST-359,Tamara Dahlen,Consumer,United States-Virginia Beach,Virginia,23464,South
CUST-360,Bobby Trafton,Consumer,United States-Detroit,Michigan,48227,Central
CUST-361,Cindy Stewart,Consumer,United States-Pomona,California,91767,West
CUST-362,John Lucas,Consumer,United States-Houston,Texas,77095,Central
CUST-363,Tamara Willingham,Home Office,United States-New York City,New York,10011,East
CUST-364,Katherine Hughes,Consumer,United States-Houston,Texas,77070,Central
CUST-365,Sean Christensen,Consumer,United States-Beaumont,Texas,77705,Central
CUST-366,George Ashbrook,Consumer,United States-Dallas,Texas,75220,Central
CUST-367,Brosina Hoffman,Consumer,United States-Los Angeles,California,90032,West
CUST-368,Pete Kriz,Consumer,United States-Madison,Wisconsin,53711,Central
CUST-369,Andy Gerbode,Corporate,United States-Saint Petersburg,Florida,33710,South
CUST-370,Alyssa Crouse,Corporate,United States-San Francisco,California,94122,West
CUST-371,Carl Weiss,Home Office,United States-Huntsville,Texas,77340,Central
CUST-372,Paul Gonzalez,Consumer,United States-Fort Worth,Texas,76106,Central
CUST-373,Melanie Seite,Consumer,United States-Laredo,Texas,78041,Central
CUST-374,Lena Radford,Consumer,United States-San Diego,California,92024,West
CUST-375,Brad Norvell,Corporate,United States-Cary,North Carolina,27511,South
CUST-376,Mathew Reese,Home Office,United States-Philadelphia,Pennsylvania,19140,East
CUST-377,Lisa Hazard,Consumer,United States-Tyler,Texas,75701,Central
CUST-378,Chuck Magee,Consumer,United States-San Francisco,California,94122,West
CUST-379,Anthony Jacobs,Corporate,United States-Springfield,Virginia,22153,South
CUST-380,Cyma Kinney,Corporate,United States-San Francisco,California,94122,West
CUST-381,Tracy Zic,Consumer,United States-Louisville,Colorado,80027,West
CUST-382,Laura Armstrong,Corporate,United States-Hackensack,New Jersey,7601,East
CUST-383,Scott Williamson,Consumer,United States-Royal Oak,Michigan,48073,Central
CUST-384,Greg Matthias,Consumer,United States-Seattle,Washington,98105,West
CUST-385,Maria Bertelson,Consumer,United States-Glendale,Arizona,85301,West
CUST-386,Thomas Boland,Corporate,United States-Houston,Texas,77041,Central
CUST-387,Kean Thornton,Consumer,United States-Denver,Colorado,80219,West
CUST-388,Dennis Kane,Consumer,United States-New York City,New York,10024,East
CUST-389,Clay Ludtke,Consumer,United States-Seattle,Washington,98115,West
CUST-390,Pete Takahito,Consumer,United States-Houston,Texas,77070,Central
CUST-391,Jill Fjeld,Consumer,United States-Philadelphia,Pennsylvania,19120,East
CUST-392,Art Foster,Consumer,United States-Fairfield,Ohio,45014,East
CUST-393,Karen Daniels,Consumer,United States-Houston,Texas,77095,Central
CUST-394,Matthew Grinstein,Home Office,United States-Seattle,Washington,98103,West
CUST-395,Kelly Andreada,Consumer,United States-New York City,New York,10024,East
CUST-396,Logan Currie,Consumer,United States-Philadelphia,Pennsylvania,19140,East
CUST-397,Joseph Holt,Consumer,United States-Seattle,Washington,98103,West
CUST-398,Tim Brockman,Consumer,United States-Salem,Oregon,97301,West
CUST-399,Jay Kimmel,Consumer,United States-Miami,Florida,33180,South
CUST-400,Jim Mitchum,Corporate,United States-Glendale,Arizona,85301,West
CUST-401,Denise Monton,Corporate,United States-Asheville,North Carolina,28806,South
CUST-402,Brooke Gillingham,Corporate,United States-Watertown,New York,13601,East
CUST-403,Helen Andreada,Consumer,United States-Pasadena,California,91104,West
CUST-404,Marc Crier,Consumer,United States-Pasco,Washington,99301,West
CUST-405,Logan Haushalter,Consumer,United States-Oakland,California,94601,West
CUST-406,Gary Mitchum,Home Office,United States-Austin,Texas,78745,Central
CUST-407,Patrick O'Brill,Consumer,United States-Virginia Beach,Virginia,23464,South
CUST-408,Tom Ashbrook,Home Office,United States-Olathe,Kansas,66062,Central
CUST-409,Darren Budd,Corporate,United States-Houston,Texas,77036,Central
CUST-410,Natalie Fritzler,Consumer,United States-Chesapeake,Virginia,23320,South
CUST-411,Emily Burns,Consumer,United States-Redding,California,96003,West
CUST-412,Tom Stivers,Corporate,United States-Reading,Pennsylvania,19601,East
CUST-413,Sally Hughsby,Corporate,United States-Caldwell,Idaho,83605,West
CUST-414,Liz Willingham,Consumer,United States-Oxnard,California,93030,West
CUST-415,Pauline Chand,Home Office,United States-Chandler,Arizona,85224,West
CUST-416,Charles Sheldon,Corporate,United States-Lakewood,New Jersey,8701,East
CUST-417,Gene McClure,Consumer,United States-Fresno,California,93727,West
CUST-418,Max Engle,Consumer,United States-Chicago,Illinois,60610,Central
CUST-419,Daniel Lacy,Consumer,United States-Greenville,North Carolina,27834,South
CUST-420,Sandra Flanagan,Consumer,United States-Clifton,New Jersey,7011,East
CUST-421,Ann Steele,Home Office,United States-Seattle,Washington,98103,West
CUST-422,Frank Preis,Consumer,United States-Philadelphia,Pennsylvania,19134,East
CUST-423,Benjamin Farhat,Home Office,United States-New York City,New York,10035,East
CUST-424,Gary Hansen,Home Office,United States-Los Angeles,California,90049,West
CUST-425,Ben Wallace,Consumer,United States-San Francisco,California,94122,West
CUST-426,Paul Van Hugh,Home Office,United States-League City,Texas,77573,Central
CUST-427,Paul Prost,Home Office,United States-New York City,New York,10009,East
CUST-428,Denny Joy,Corporate,United States-San Francisco,California,94110,West
CUST-429,Darrin Sayre,Home Office,United States-San Francisco,California,94122,West
CUST-430,Guy Armstrong,Consumer,United States-Columbia,Missouri,65203,Central
CUST-431,Rick Duston,Consumer,United States-Long Beach,New York,11561,East
CUST-432,Luke Weiss,Consumer,United States-New York City,New York,10035,East
CUST-433,Barry Pond,Corporate,United States-Chicago,Illinois,60623,Central
CUST-434,Shirley Jackson,Consumer,United States-San Francisco,California,94122,West
CUST-435,Harold Dahlen,Home Office,United States-Chicago,Illinois,60610,Central
CUST-436,Mary Zewe,Corporate,United States-Seattle,Washington,98115,West
CUST-437,Heather Kirkland,Corporate,United States-Detroit,Michigan,48234,Central
CUST-438,Lauren Leatherbury,Consumer,United States-Woodstock,Georgia,30188,South
CUST-439,Darren Powers,Consumer,United States-Carrollton,Texas,75007,Central
CUST-440,Jamie Kunitz,Consumer,United States-Niagara Falls,New York,14304,East
CUST-441,Zuschuss Donatelli,Consumer,United States-San Francisco,California,94109,West
CUST-442,Ken Brennan,Corporate,United States-Taylor,Michigan,48180,Central
CUST-443,Debra Catini,Consumer,United States-Cottage Grove,Minnesota,55016,Central
CUST-444,George Zrebassa,Corporate,United States-Lawrence,Massachusetts,1841,East
CUST-445,Helen Abelman,Consumer,United States-New York City,New York,10024,East
CUST-446,Pamela Coakley,Corporate,United States-Watertown,New York,13601,East
CUST-447,Bill Stewart,Corporate,United States-Skokie,Illinois,60076,Central
CUST-448,Keith Dawkins,Corporate,United States-Fayetteville,North Carolina,28314,South
CUST-449,Russell Applegate,Consumer,United States-New York City,New York,10011,East
CUST-450,Ryan Akin,Consumer,United States-Miami,Florida,33178,South
CUST-451,Rob Williams,Corporate,United States-Columbia,Missouri,65203,Central
CUST-452,Greg Guthrie,Corporate,United States-Los Angeles,California,90049,West
CUST-453,Bart Folk,Consumer,United States-Montgomery,Alabama,36116,South
CUST-454,Liz MacKendrick,Consumer,United States-Southaven,Mississippi,38671,South
CUST-455,Kelly Williams,Consumer,United States-Clarksville,Tennessee,37042,South
CUST-456,Aleksandra Gannaway,Corporate,United States-Los Angeles,California,90049,West
CUST-457,Harry Greene,Consumer,United States-Lake Charles,Louisiana,70601,South
CUST-458,Doug Bickford,Consumer,United States-Seattle,Washington,98105,West
CUST-459,Jasper Cacioppo,Consumer,United States-New York City,New York,10024,East
CUST-460,Anthony Rawles,Corporate,United States-Los Angeles,California,90004,West
CUST-461,Stefania Perrino,Corporate,United States-Laredo,Texas,78041,Central
CUST-462,Liz Carlisle,Consumer,United States-Mission Viejo,California,92691,West
CUST-463,George Bell,Corporate,United States-Newark,Ohio,43055,East
CUST-464,Maureen Fritzler,Corporate,United States-Phoenix,Arizona,85023,West
CUST-465,Anne McFarland,Consumer,United States-Cranston,Rhode Island,2920,East
CUST-466,Alan Hwang,Consumer,United States-San Francisco,California,94122,West
CUST-467,Michael Stewart,Corporate,United States-Houston,Texas,77095,Central
CUST-468,Aaron Smayling,Corporate,United States-New York City,New York,10035,East
CUST-469,Amy Cox,Consumer,United States-Avondale,Arizona,85323,West
CUST-470,Dorothy Dickinson,Consumer,United States-Chicago,Illinois,60610,Central
CUST-471,Cari Schnelling,Consumer,United States-New York City,New York,10011,East
CUST-472,Dorris liebe,Corporate,United States-Seattle,Washington,98105,West
CUST-473,Karl Braun,Consumer,United States-Newark,Delaware,19711,East
CUST-474,Karen Bern,Corporate,United States-Miami,Florida,33180,South
CUST-475,Jennifer Halladay,Consumer,United States-Medford,Oregon,97504,West
CUST-476,Sheri Gordon,Consumer,United States-San Francisco,California,94109,West
CUST-477,Patrick Jones,Corporate,United States-Seattle,Washington,98115,West
CUST-478,Lisa DeCherney,Consumer,United States-New York City,New York,10011,East
CUST-479,Mike Vittorini,Consumer,United States-Detroit,Michigan,48234,Central
CUST-480,Jack O'Briant,Corporate,United States-Draper,Utah,84020,West
CUST-481,Michael Granlund,Home Office,United States-Saint Charles,Illinois,60174,Central
CUST-482,Mike Gockenbach,Consumer,United States-Plano,Texas,75023,Central
CUST-483,Alex Russell,Corporate,United States-Philadelphia,Pennsylvania,19143,East
CUST-484,Bill Tyler,Corporate,United States-Garden City,Kansas,67846,Central
CUST-485,Christina VanderZanden,Consumer,United States-Des Moines,Iowa,50315,Central
CUST-486,Nancy Lomonaco,Home Office,United States-San Francisco,California,94110,West
CUST-487,Tamara Chand,Corporate,United States-Decatur,Alabama,35601,South
CUST-488,Nat Carroll,Consumer,United States-Apple Valley,Minnesota,55124,Central
CUST-489,Magdelene Morse,Consumer,United States-Seattle,Washington,98105,West
CUST-490,Annie Thurman,Consumer,United States-Bristol,Connecticut,6010,East
CUST-491,Daniel Raglin,Home Office,United States-Albuquerque,New Mexico,87105,West
CUST-492,Mark Cousins,Corporate,United States-Chicago,Illinois,60623,Central
CUST-493,Brian Thompson,Consumer,United States-Houston,Texas,77041,Central
CUST-494,Justin MacKendrick,Consumer,United States-Louisville,Kentucky,40214,South
CUST-495,David Smith,Corporate,United States-Jamestown,New York,14701,East
CUST-496,Ross DeVincentis,Home Office,United States-Fayetteville,North Carolina,28314,South
CUST-497,Joy Smith,Consumer,United States-Columbus,Ohio,43229,East
CUST-498,Noah Childs,Corporate,United States-Columbus,Indiana,47201,Central
CUST-499,Matthew Clasen,Corporate,United States-Richmond,Indiana,47374,Central
CUST-500,Maribeth Dona,Consumer,United States-Anaheim,California,92804,West
CUST-501,Becky Martin,Consumer,United States-San Antonio,Texas,78207,Central
CUST-502,Chad Sievert,Consumer,United States-Los Angeles,California,90004,West
CUST-503,David Kendrick,Corporate,United States-Decatur,Illinois,62521,Central
CUST-504,Dianna Wilson,Home Office,United States-Lakeville,Minnesota,55044,Central
CUST-505,Ashley Jarboe,Consumer,United States-Wilmington,North Carolina,28403,South
CUST-506,David Philippe,Consumer,United States-New York City,New York,10035,East
CUST-507,Tracy Hopkins,Home Office,United States-New York City,New York,10035,East
CUST-508,Gary Zandusky,Consumer,United States-San Francisco,California,94110,West
CUST-509,Phillina Ober,Home Office,United States-Naperville,Illinois,60540,Central
CUST-510,Berenike Kampe,Consumer,United States-New York City,New York,10035,East
CUST-511,Guy Phonely,Corporate,United States-Lancaster,Pennsylvania,17602,East
CUST-512,Roy Collins,Consumer,United States-Alexandria,Virginia,22304,South
CUST-513,Larry Tron,Consumer,United States-Escondido,California,92025,West
CUST-514,Anne Pryor,Home Office,United States-New York City,New York,10035,East
CUST-515,Paul MacIntyre,Consumer,United States-Jackson,Michigan,49201,Central
CUST-516,Karen Carlisle,Corporate,United States-Macon,Georgia,31204,South
CUST-517,Beth Paige,Consumer,United States-Evanston,Illinois,60201,Central
CUST-518,Valerie Dominguez,Consumer,United States-Pleasant Grove,Utah,84062,West
CUST-519,Andrew Allen,Consumer,United States-Middletown,Connecticut,6457,East
CUST-520,Deborah Brumfield,Home Office,United States-San Diego,California,92024,West
CUST-521,Emily Phan,Consumer,United States-New York City,New York,10011,East
CUST-522,Paul Knutson,Home Office,United States-San Francisco,California,94109,West
CUST-523,Steven Cartwright,Consumer,United States-Seattle,Washington,98115,West
CUST-524,Mick Brown,Consumer,United States-Philadelphia,Pennsylvania,19143,East
CUST-525,Frank Olsen,Consumer,United States-Harrisonburg,Virginia,22801,South
CUST-526,Toby Ritter,Consumer,United States-San Francisco,California,94122,West
CUST-527,Grant Thornton,Corporate,United States-Long Beach,New York,11561,East
CUST-528,Ivan Liston,Consumer,United States-San Francisco,California,94122,West
CUST-529,Liz Thompson,Consumer,United States-Little Rock,Arkansas,72209,South
CUST-530,Allen Rosenblatt,Corporate,United States-Los Angeles,California,90036,West
CUST-531,Rick Reed,Corporate,United States-Lowell,Massachusetts,1852,East
CUST-532,Cathy Prescott,Corporate,United States-New York City,New York,10024,East
CUST-533,David Flashing,Consumer,United States-Vallejo,California,94591,West
CUST-534,Eric Hoffmann,Consumer,United States-Plainfield,New Jersey,7060,East
CUST-535,Michael Dominguez,Corporate,United States-Corpus Christi,Texas,78415,Central
CUST-536,Craig Yedwab,Corporate,United States-San Antonio,Texas,78207,Central
CUST-537,Erin Smith,Corporate,United States-Tempe,Arizona,85281,West
CUST-538,Greg Maxwell,Corporate,United States-Alexandria,Virginia,22304,South
CUST-539,Pauline Johnson,Consumer,United States-Mobile,Alabama,36608,South
CUST-540,Roland Fjeld,Consumer,United States-Columbia,South Carolina,29203,South
CUST-541,Katrina Edelman,Corporate,United States-Bristol,Tennessee,37620,South
CUST-542,Ken Heidel,Corporate,United States-Charlotte,North Carolina,28205,South
CUST-543,Roland Schwarz,Corporate,United States-Columbia,South Carolina,29203,South
CUST-544,Peter Fuller,Consumer,United States-Richmond,Kentucky,40475,South
CUST-545,Steve Nguyen,Home Office,United States-Los Angeles,California,90004,West
CUST-546,Tanja Norvell,Home Office,United States-Manteca,California,95336,West
CUST-547,Michelle Huthwaite,Consumer,United States-Buffalo,New York,14215,East
CUST-548,Katherine Nockton,Corporate,United States-Columbus,Ohio,43229,East
CUST-549,Sam Zeldin,Home Office,United States-New York City,New York,10011,East
CUST-550,Nora Pelletier,Home Office,United States-Des Moines,Washington,98198,West
CUST-551,Lycoris Saunders,Consumer,United States-Los Angeles,California,90049,West
CUST-552,Sonia Sunley,Consumer,United States-San Francisco,California,94122,West
CUST-553,Nona Balk,Corporate,United States-Philadelphia,Pennsylvania,19134,East
CUST-554,Alice McCarthy,Corporate,United States-Omaha,Nebraska,68104,Central
CUST-555,Patrick Ryan,Consumer,United States-Saint Petersburg,Florida,33710,South
CUST-556,Don Miller,Corporate,United States-Palm Coast,Florida,32137,South
CUST-557,Denny Ordway,Consumer,United States-Columbus,Ohio,43229,East
CUST-558,Rob Dowd,Consumer,United States-Athens,Georgia,30605,South
CUST-559,Hallie Redmond,Home Office,United States-New York City,New York,10035,East
CUST-560,Ricardo Sperren,Corporate,United States-Meriden,Connecticut,6450,East
CUST-561,Paul Lucas,Home Office,United States-Los Angeles,California,90049,West
CUST-562,Brian Derr,Consumer,United States-Columbus,Ohio,43229,East
CUST-563,Nick Zandusky,Home Office,United States-Springfield,Missouri,65807,Central
CUST-564,Matt Collins,Consumer,United States-Chicago,Illinois,60623,Central
CUST-565,Valerie Mitchum,Home Office,United States-Marietta,Georgia,30062,South
CUST-566,Sarah Bern,Consumer,United States-Chicago,Illinois,60623,Central
CUST-567,Ross Baird,Home Office,United States-Midland,Michigan,48640,Central
CUST-568,Shahid Hopkins,Consumer,United States-Jacksonville,North Carolina,28540,South
CUST-569,Valerie Takahito,Home Office,United States-Houston,Texas,77070,Central
CUST-570,Victoria Pisteka,Corporate,United States-San Francisco,California,94109,West
CUST-571,Jill Stevenson,Corporate,United States-Columbus,Ohio,43229,East
CUST-572,Julie Kriz,Home Office,United States-Fort Lauderdale,Florida,33311,South
CUST-573,John Stevenson,Consumer,United States-Toledo,Ohio,43615,East
CUST-574,Maria Etezadi,Home Office,United States-Henderson,Kentucky,42420,South
CUST-575,Rob Lucas,Consumer,United States-Los Angeles,California,90045,West
CUST-576,Steven Ward,Corporate,United States-Seattle,Washington,98115,West
CUST-577,Vivek Sundaresam,Consumer,United States-Huntsville,Texas,77340,Central
CUST-578,Joni Blumstein,Consumer,United States-Los Angeles,California,90032,West
CUST-579,Barry Gonzalez,Consumer,United States-Memphis,Tennessee,38109,South
CUST-580,Shahid Collister,Consumer,United States-El Paso,Texas,79907,Central
CUST-581,Russell D'Ascenzo,Consumer,United States-Dallas,Texas,75217,Central
CUST-582,Lisa Ryan,Corporate,United States-Santa Clara,California,95051,West
CUST-583,Deirdre Greer,Corporate,United States-Orange,New Jersey,7050,East
CUST-584,Aimee Bixby,Consumer,United States-Yonkers,New York,10701,East
CUST-585,Trudy Brown,Consumer,United States-New York City,New York,10035,East
CUST-586,Giulietta Dortch,Corporate,United States-Arlington,Virginia,22204,South
CUST-587,Eva Jacobs,Consumer,United States-San Diego,California,92037,West
CUST-588,Anna Häberlin,Corporate,United States-Virginia Beach,Virginia,23464,South
CUST-589,Elizabeth Moffitt,Corporate,United States-Sandy Springs,Georgia,30328,South
CUST-590,Eric Barreto,Consumer,United States-Saint Petersburg,Florida,33710,South
CUST-591,Tracy Collins,Home Office,United States-Los Angeles,California,90049,West
CUST-592,Fred Chung,Corporate,United States-Albuquerque,New Mexico,87105,West
CUST-593,Richard Eichhorn,Consumer,United States-Decatur,Illinois,62521,Central
CUST-594,Roy Phan,Corporate,United States-Richmond,Kentucky,40475,South
CUST-595,Nicole Hansen,Corporate,United States-Philadelphia,Pennsylvania,19120,East
CUST-596,Lena Cacioppo,Consumer,United States-Aurora,Colorado,80013,West
CUST-597,Eric Murdock,Consumer,United States-Philadelphia,Pennsylvania,19134,East
CUST-598,Christopher Martinez,Consumer,United States-Atlanta,Georgia,30318,South
CUST-599,Dean Braden,Consumer,United States-Houston,Texas,77041,Central
CUST-600,Jesus Ocampo,Home Office,United States-Chester,Pennsylvania,19013,East
CUST-601,David Bremer,Corporate,United States-Rochester,New York,14609,East
CUST-602,Bart Watters,Corporate,United States-Milwaukee,Wisconsin,53209,Central
CUST-603,Meg O'Connel,Home Office,United States-Los Angeles,California,90036,West
CUST-604,Jennifer Jackson,Consumer,United States-Los Angeles,California,90004,West
CUST-605,Skye Norling,Home Office,United States-Los Angeles,California,90008,West
CUST-606,Brad Thomas,Home Office,United States-Clinton,Maryland,20735,East
CUST-607,Dave Poirier,Corporate,United States-New York City,New York,10035,East
CUST-608,Justin Hirsh,Consumer,United States-Pueblo,Colorado,81001,West
CUST-609,Jim Radford,Consumer,United States-Colorado Springs,Colorado,80906,West
CUST-610,Stuart Van,Corporate,United States-Houston,Texas,77041,Central
CUST-611,Rick Wilson,Corporate,United States-Mesa,Arizona,85204,West
CUST-612,Thais Sissman,Consumer,United States-Phoenix,Arizona,85023,West
CUST-613,Shaun Chance,Corporate,United States-New Bedford,Massachusetts,2740,East
CUST-614,Benjamin Venier,Corporate,United States-Miami,Florida,33142,South
CUST-615,Victoria Brennan,Corporate,United States-San Antonio,Texas,78207,Central
CUST-616,Jeremy Ellison,Consumer,United States-Seattle,Washington,98103,West
CUST-617,Anthony Witt,Consumer,United States-Allen,Texas,75002,Central
CUST-618,Philisse Overcash,Home Office,United States-New York City,New York,10011,East
CUST-619,Ralph Kennedy,Consumer,United States-South Bend,Indiana,46614,Central
CUST-620,Maribeth Yedwab,Corporate,United States-Rancho Cucamonga,California,91730,West
CUST-621,Sandra Glassco,Consumer,United States-Redlands,California,92374,West
CUST-622,Roger Barcio,Home Office,United States-New York City,New York,10009,East
CUST-623,Doug Jacobs,Consumer,United States-Portland,Oregon,97206,West
CUST-624,Brendan Murry,Corporate,United States-New York City,New York,10035,East
CUST-625,Eleni McCrary,Corporate,United States-San Francisco,California,94122,West
CUST-626,Ben Peterman,Corporate,United States-Coral Springs,Florida,33065,South
CUST-627,Tim Taslimi,Corporate,United States-Los Angeles,California,90045,West
CUST-628,Stewart Carmichael,Corporate,United States-San Francisco,California,94122,West
CUST-629,Elpida Rittenbach,Corporate,United States-Colorado Springs,Colorado,80906,West
CUST-630,Charlotte Melton,Consumer,United States-Los Angeles,California,90004,West
CUST-631,Neoma Murray,Consumer,United States-Chicago,Illinois,60610,Central
CUST-632,Denny Blanton,Consumer,United States-Orlando,Florida,32839,South
CUST-633,Jay Fein,Consumer,United States-San Diego,California,92105,West
CUST-634,Michael Paige,Corporate,United States-Port Saint Lucie,Florida,34952,South
CUST-635,Fred Harton,Consumer,United States-Atlanta,Georgia,30318,South
CUST-636,Katrina Willman,Consumer,United States-Florence,Kentucky,41042,South
CUST-637,Heather Jas,Home Office,United States-Mesa,Arizona,85204,West
CUST-638,Andrew Gjertsen,Corporate,United States-Seattle,Washington,98105,West
CUST-639,Greg Hansen,Consumer,United States-Chicago,Illinois,60610,Central
CUST-640,Guy Thornton,Consumer,United States-Long Beach,California,90805,West
CUST-641,Karen Seio,Corporate,United States-Lehi,Utah,84043,West
CUST-642,Justin Ritter,Corporate,United States-Jacksonville,Florida,32216,South
CUST-643,Adam Bellavance,Home Office,United States-Des Moines,Washington,98198,West
CUST-644,Dan Reichenbach,Corporate,United States-New York City,New York,10011,East
CUST-645,Patrick Bzostek,Home Office,United States-San Francisco,California,94122,West
CUST-646,Brad Eason,Home Office,United States-Des Moines,Iowa,50315,Central
CUST-647,Trudy Schmidt,Consumer,United States-Milwaukee,Wisconsin,53209,Central
CUST-648,Amy Hunt,Consumer,United States-Bartlett,Tennessee,38134,South
CUST-649,Giulietta Baptist,Consumer,United States-Columbia,South Carolina,29203,South
CUST-650,Katrina Bavinger,Home Office,United States-Seattle,Washington,98105,West
CUST-651,Robert Dilbeck,Home Office,United States-Oakland,California,94601,West
CUST-652,Julia West,Consumer,United States-Jacksonville,North Carolina,28540,South
CUST-653,Juliana Krohn,Consumer,United States-Louisville,Kentucky,40214,South
CUST-654,Evan Minnotte,Home Office,United States-Miami,Florida,33142,South
CUST-655,Jonathan Howell,Consumer,United States-Atlanta,Georgia,30318,South
CUST-656,Yana Sorensen,Corporate,United States-Montgomery,Alabama,36116,South
CUST-657,Claire Gute,Consumer,United States-Dallas,Texas,75217,Central
CUST-658,Helen Wasserman,Corporate,United States-Detroit,Michigan,48205,Central
CUST-659,Muhammed Lee,Consumer,United States-Fayetteville,North Carolina,28314,South
CUST-660,Claudia Bergmann,Corporate,United States-Camarillo,California,93010,West
CUST-661,Ann Chong,Corporate,United States-Philadelphia,Pennsylvania,19143,East
CUST-662,Peter McVee,Home Office,United States-Dover,New Hampshire,3820,East
CUST-663,Dana Kaydos,Consumer,United States-Rockford,Illinois,61107,Central
CUST-664,Eudokia Martin,Corporate,United States-Phoenix,Arizona,85023,West
CUST-665,Fred Wasserman,Corporate,United States-Huntsville,Alabama,35810,South
CUST-666,Carlos Meador,Consumer,United States-Tucson,Arizona,85705,West
CUST-667,Sanjit Jacobs,Home Office,United States-Franklin,Tennessee,37064,South
CUST-668,Cyra Reiten,Home Office,United States-West Palm Beach,Florida,33407,South
CUST-669,Eugene Barchas,Consumer,United States-Los Angeles,California,90045,West
CUST-670,Toby Gnade,Consumer,United States-Mesa,Arizona,85204,West
CUST-671,Frank Carlisle,Home Office,United States-Springfield,Ohio,45503,East
CUST-672,Olvera Toch,Consumer,United States-Detroit,Michigan,48234,Central
CUST-673,Fred McMath,Consumer,United States-Miami,Florida,33178,South
CUST-674,Brenda Bowman,Corporate,United States-Fort Worth,Texas,76106,Central
CUST-675,Lindsay Castell,Home Office,United States-New York City,New York,10024,East
CUST-676,Shaun Weien,Consumer,United States-Rochester,New York,14609,East
CUST-677,Theone Pippenger,Consumer,United States-Naperville,Illinois,60540,Central
CUST-678,Joni Wasserman,Consumer,United States-Philadelphia,Pennsylvania,19120,East
CUST-679,Ken Dana,Corporate,United States-Anaheim,California,92804,West
CUST-680,Corinna Mitchell,Home Office,United States-Houston,Texas,77041,Central
CUST-681,Sean O'Donnell,Consumer,United States-Fort Lauderdale,Florida,33311,South
CUST-682,Dave Kipp,Consumer,United States-Springfield,Virginia,22153,South
CUST-683,Sarah Jordon,Consumer,United States-Los Angeles,California,90049,West
CUST-684,Chuck Clark,Home Office,United States-New York City,New York,10024,East
CUST-685,Edward Becker,Corporate,United States-Plantation,Florida,33317,South
CUST-686,John Dryer,Consumer,United States-Jacksonville,Florida,32216,South
CUST-687,Kalyca Meade,Corporate,United States-Baltimore,Maryland,21215,East
CUST-688,Max Jones,Consumer,United States-Miami,Florida,33178,South
CUST-689,Rose O'Brian,Consumer,United States-Seattle,Washington,98115,West
CUST-690,Rob Haberlin,Consumer,United States-Hampton,Virginia,23666,South
CUST-691,Bobby Odegard,Consumer,United States-New York City,New York,10024,East
CUST-692,Bill Donatelli,Consumer,United States-Detroit,Michigan,48227,Central
CUST-693,Doug O'Connell,Consumer,United States-Houston,Texas,77036,Central
CUST-694,Meg Tillman,Consumer,United States-San Francisco,California,94110,West
CUST-695,Gene Hale,Corporate,United States-Dallas,Texas,75081,Central
CUST-696,Cindy Schnelling,Corporate,United States-Toledo,Ohio,43615,East
CUST-697,Neil Knudson,Home Office,United States-Seattle,Washington,98105,West
CUST-698,Cathy Hwang,Home Office,United States-Philadelphia,Pennsylvania,19143,East
CUST-699,Bryan Spruell,Home Office,United States-San Diego,California,92037,West
CUST-700,Dionis Lloyd,Corporate,United States-Detroit,Michigan,48227,Central
CUST-701,Tom Prescott,Consumer,United States-Freeport,New York,11520,East
CUST-702,Edward Nazzal,Consumer,United States-New York City,New York,10009,East
CUST-703,Chad McGuire,Consumer,United States-New York City,New York,10024,East
CUST-704,Linda Southworth,Corporate,United States-Los Angeles,California,90004,West
CUST-705,Nora Paige,Consumer,United States-Seattle,Washington,98105,West
CUST-706,Jane Waco,Corporate,United States-Lawrence,Massachusetts,1841,East
CUST-707,Brendan Dodson,Home Office,United States-Springfield,Virginia,22153,South
CUST-708,Bruce Degenhardt,Consumer,United States-Richmond,Kentucky,40475,South
CUST-709,Joel Jenkins,Home Office,United States-Springfield,Virginia,22153,South
CUST-710,Kelly Collister,Consumer,United States-Seattle,Washington,98115,West
CUST-711,Tonja Turnell,Home Office,United States-Fort Worth,Texas,76106,Central
CUST-712,Stuart Calhoun,Consumer,United States-Houston,Texas,77041,Central
CUST-713,Maria Zettner,Home Office,United States-San Diego,California,92024,West
CUST-714,Lori Olson,Corporate,United States-La Quinta,California,92253,West
CUST-715,Ritsa Hightower,Consumer,United States-Tallahassee,Florida,32303,South
CUST-716,Michael Oakman,Consumer,United States-Dallas,Texas,75220,Central
CUST-717,Anna Gayman,Consumer,United States-Allen,Texas,75002,Central
CUST-718,Victor Preis,Home Office,United States-Sterling Heights,Michigan,48310,Central
CUST-719,Matt Hagelstein,Corporate,United States-San Diego,California,92105,West
CUST-720,Julia Barnett,Home Office,United States-Chula Vista,California,91911,West
CUST-721,Cathy Armstrong,Home Office,United States-Houston,Texas,77036,Central
CUST-722,Parhena Norris,Home Office,United States-Bakersfield,California,93309,West
CUST-723,Alan Haines,Corporate,United States-Bethlehem,Pennsylvania,18018,East
CUST-724,Art Ferguson,Consumer,United States-San Francisco,California,94109,West
CUST-725,Stephanie Ulpright,Home Office,United States-Ann Arbor,Michigan,48104,Central
CUST-726,Henry MacAllister,Consumer,United States-Los Angeles,California,90008,West
CUST-727,Becky Pak,Consumer,United States-Los Angeles,California,90008,West
CUST-728,Christy Brittain,Consumer,United States-Lakewood,Ohio,44107,East
CUST-729,Tracy Poddar,Corporate,United States-Coppell,Texas,75019,Central
CUST-730,Catherine Glotzbach,Home Office,United States-Los Angeles,California,90045,West
CUST-731,Emily Grady,Consumer,United States-Chesapeake,Virginia,23320,South
CUST-732,Ted Butterfield,Consumer,United States-Troy,New York,12180,East
CUST-733,Jim Sink,Corporate,United States-Los Angeles,California,90036,West
CUST-734,Alejandro Savely,Corporate,United States-San Francisco,California,94109,West
CUST-735,Robert Waldorf,Consumer,United States-Wilmington,North Carolina,28403,South
CUST-736,Ed Ludwig,Home Office,United States-Jefferson City,Missouri,65109,Central
CUST-737,Todd Boyes,Corporate,United States-New York City,New York,10009,East
CUST-738,Caroline Jumper,Consumer,United States-Allentown,Pennsylvania,18103,East
CUST-739,Neola Schneider,Consumer,United States-Dallas,Texas,75217,Central
CUST-740,Henia Zydlo,Consumer,United States-Columbus,Ohio,43229,East
CUST-741,Adrian Shami,Home Office,United States-Auburn,Washington,98002,West
CUST-742,Carol Darley,Consumer,United States-Medford,Oregon,97504,West
CUST-743,Larry Blacks,Consumer,United States-Los Angeles,California,90032,West
CUST-744,Clay Rozendal,Home Office,United States-Elmhurst,Illinois,60126,Central
CUST-745,Ralph Ritter,Consumer,United States-San Francisco,California,94110,West
CUST-746,Susan Vittorini,Consumer,United States-Oceanside,New York,11572,East
CUST-747,Christopher Conant,Consumer,United States-Fayetteville,North Carolina,28314,South
CUST-748,Mick Hernandez,Home Office,United States-Pharr,Texas,78577,Central
CUST-749,Charles McCrossin,Consumer,United States-San Francisco,California,94122,West
CUST-750,Sean Wendt,Home Office,United States-Omaha,Nebraska,68104,Central
CUST-751,Rob Beeghly,Consumer,United States-Seattle,Washington,98105,West
CUST-752,Craig Leslie,Home Office,United States-Colorado Springs,Colorado,80906,West
CUST-753,Darrin Van Huff,Corporate,United States-San Diego,California,92037,West
CUST-754,Jill Matthias,Consumer,United States-Los Angeles,California,90045,West
CUST-755,Bill Eplett,Home Office,United States-Houston,Texas,77041,Central
CUST-756,Jason Gross,Corporate,United States-Newark,Ohio,43055,East
CUST-757,Anthony O'Donnell,Corporate,United States-Los Angeles,California,90045,West
CUST-758,Lela Donovan,Corporate,United States-Chicago,Illinois,60653,Central
CUST-759,Scot Coram,Corporate,United States-Los Angeles,California,90004,West
CUST-760,Anemone Ratner,Consumer,United States-Columbus,Georgia,31907,South
CUST-761,Raymond Buch,Consumer,United States-San Francisco,California,94122,West
CUST-762,Chris McAfee,Consumer,United States-Milwaukee,Wisconsin,53209,Central
CUST-763,Bobby Elias,Consumer,United States-Appleton,Wisconsin,54915,Central
CUST-764,Bryan Davis,Consumer,United States-New York City,New York,10011,East
CUST-765,Joy Bell-,Consumer,United States-Longview,Washington,98632,West
CUST-766,Erica Bern,Corporate,United States-Greensboro,North Carolina,27405,South
CUST-767,Liz Preis,Consumer,United States-Visalia,California,93277,West
CUST-768,Cynthia Voltz,Corporate,United States-Austin,Texas,78745,Central
CUST-769,Sung Chung,Consumer,United States-Arlington Heights,Illinois,60004,Central
CUST-770,Sally Knutson,Consumer,United States-Fairfield,Connecticut,6824,East
CUST-771,Bill Overfelt,Corporate,United States-Los Angeles,California,90045,West
CUST-772,Janet Martin,Consumer,United States-New York City,New York,10009,East
CUST-773,Phillip Flathmann,Consumer,United States-Los Angeles,California,90045,West
CUST-774,Don Weiss,Consumer,United States-Houston,Texas,77070,Central
CUST-775,Harold Engle,Corporate,United States-Chicago,Illinois,60623,Central
CUST-776,Carl Jackson,Corporate,United States-Philadelphia,Pennsylvania,19140,East
CUST-777,Justin Ellison,Corporate,United States-Franklin,Wisconsin,53132,Central
CUST-778,Max Ludwig,Home Office,United States-Suffolk,Virginia,23434,South
CUST-779,Alex Grayson,Consumer,United States-Tulsa,Oklahoma,74133,Central
CUST-780,Lindsay Williams,Corporate,United States-Henderson,Nevada,89015,West
CUST-781,Susan MacKendrick,Consumer,United States-Newark,Ohio,43055,East
CUST-782,Roy Skaria,Home Office,United States-Philadelphia,Pennsylvania,19120,East
CUST-783,Clay Cheatham,Consumer,United States-San Francisco,California,94122,West
CUST-784,Patricia Hirasaki,Home Office,United States-Lakeland,Florida,33801,South
CUST-785,Jocasta Rupert,Consumer,United States-Jacksonville,Florida,32216,South
CUST-786,Christina DeMoss,Consumer,United States-Seattle,Washington,98105,West
CUST-787,Tony Molinari,Consumer,United States-Oklahoma City,Oklahoma,73120,Central
CUST-788,Theresa Coyne,Corporate,United States-Lakewood,New Jersey,8701,East
CUST-789,Jenna Caffey,Consumer,United States-Kent,Washington,98031,West
CUST-790,Michelle Lonsdale,Corporate,United States-Albuquerque,New Mexico,87105,West
CUST-791,Mitch Gastineau,Corporate,United States-Jacksonville,Florida,32216,South
CUST-792,Chuck Sachs,Consumer,United States-Columbus,Georgia,31907,South
CUST-793,Roland Murray,Consumer,United States-New York City,New York,10011,East
